_id,patientid,name,address,email,password,phone,psychiatristid,photo,__v
65c3e1b17a702efd20c5f217,1,Gaurav Raj,"RajSthan, India",r90j0qh2qu@gmail.com,cNaPAYq2L,9542472669,46,photo-1707329439941.jpg,
65c3e1b17a702efd20c5f218,2,Manisha Longwani,"RajSthan, India",di8btntf0i@gmail.com,vKQjH5ZuO,9272803407,25,photo-1707329575873.png,
65c3e1b17a702efd20c5f219,3,Atul Kumar,"Asam, India",g237walt4o@gmail.com,IEmcc7j6bCCCHG,9121824725,107,photo-1707329615484.png,
65c3e1b17a702efd20c5f21a,4,Yash Puri,"Kerala, India",j2l3lfx0fa@gmail.com,ZtM72o60CQgT0,9835219905,52,photo-1707329658328.png,
65c3e1b17a702efd20c5f21b,5,Shivam Kumar,"Maharashtra, India",lw7cjyibaz@gmail.com,yx9kdh5lLXiqs,9243364167,60,photo-1707329706230.png,
65c3e1b17a702efd20c5f21c,6,Shalini Kumari Gupta,"Tamil Nadu, India",z99od0c59u@gmail.com,7Zdl4teUveeH,9346586429,58,photo-1707329712207.png,
65c3e1b17a702efd20c5f21d,7,Ayush Panigrahi,"Asam, India",s92vqmb4w1@gmail.com,JiUVoWixY6bXou,9434900664,15,photo-1707329717829.png,
65c3e1b17a702efd20c5f21e,8,Raja Saha,"Rajasthan, India",rwndyzs5j9@gmail.com,4kvSenwlTA4,9680988888,105,photo-1707329738823.png,
65c3e1b17a702efd20c5f21f,9,Soumya Ranjan Panda,"RajSthan, IndiaRajasthan, India",n46kru1cj1@gmail.com,Uzr6U9Jw6x,9476724269,18,photo-1707329745377.png,
65c3e1b17a702efd20c5f220,10,Akshay Sharma,"Manipur, India",xvzqiqmdyn@gmail.com,JIXLSX70t,9620226491,79,photo-1707329751375.png,
65c3e1b17a702efd20c5f221,11,Deepanshu Chauhan,"Karnataka, India",cn86xbho4e@gmail.com,V8OrQwPjYlU,9817278787,48,photo-1707329756368.png,
65c3e1b17a702efd20c5f222,12,Nishita Jangid,"Manipur, India",w5brriomxb@gmail.com,dd6mUGoqFs2wJ,9539654906,20,photo-1707329761472.png,
65c3e1b17a702efd20c5f223,13,KANIKA,"Tamil Nadu, India",tmcgd23cu4@gmail.com,3GTRfVtvmOTa,9782844087,20,photo-1707329794670.png,
65c3e1b17a702efd20c5f224,14,Amisha Srivastava,"Maharashtra, India",njdi3pudqn@gmail.com,tPY4lH09rLcq3,9964293938,108,photo-1707329799739.png,
65c3e1b17a702efd20c5f225,15,Deeksha Thakur,"Bihar, India",aliawvnvn4@gmail.com,j4jCEp0o,9969281819,23,photo-1707329805775.png,
65c3e1b17a702efd20c5f226,16,Sachin Kumar Faujdar,"Uttar Pradesh, India",e6ma73k13n@gmail.com,5lLVq8Kn5f6,9388989008,109,photo-1707329811307.png,
65c3e1b17a702efd20c5f227,17,Anup Kumar,"Tamil Nadu, India",xaf5lr5f3o@gmail.com,GzNR4wCUD5OrYqo,9834732090,64,photo-1707329820252.png,
65c3e1b17a702efd20c5f228,18,Arjun Kumar,"Jammu, India",kc672e3c25@gmail.com,ba4GE1ZQUh,9881903879,17,photo-1707329826721.png,
65c3e1b17a702efd20c5f229,19,Anurag Kumar,"Delhi, India",yd0409o4qu@gmail.com,m1YRWHNVFz,9915964007,77,photo-1707329833313.png,
65c3e1b17a702efd20c5f22a,20,Ragini,"Kerala, India",y6ugbsledx@gmail.com,OI61ZYrkWjP,9113358701,32,photo-1707329867382.png,
65c3e1b17a702efd20c5f22b,21,Satyajeet Gaur,"West Bengal, India",fsgzh1ylf2@gmail.com,Sp8tiURfsEjE9i,9242349337,108,photo-1707329873100.png,
65c3e1b17a702efd20c5f22c,22,Ananya Anand,"RajSthan, India",jwjzpbvas7@gmail.com,1LCBrNb9bMj,9152659430,39,photo-1707329878311.png,
65c3e1b17a702efd20c5f22d,23,Bibhukalyan Mohanty,"Gujarat, India",c0hjv921vo@gmail.com,pXGgPMJ5o8gt,9561564974,50,photo-1707329883880.png,
65c3e1b17a702efd20c5f22e,24,Rohit Kumar Rana,"Delhi, India",cxhmmqz8hf@gmail.com,r59VCfaJaOJL,9627170135,94,photo-1707329891836.png,
65c3e1b17a702efd20c5f22f,25,Keshav Maharshi,"Bihar, India",rpkq8zqmhh@gmail.com,6asGsVMnr9smDRs,9884956342,107,photo-1707329897810.png,
65c3e1b17a702efd20c5f230,26,Mahammad Samim Ansari,"Bihar, India",ziiik17db8@gmail.com,zL9tRBxcw3,9458485713,72,photo-1707329903454.png,
65c3e1b17a702efd20c5f231,27,Aashirwad Agarwal,"West Bengal, India",o9pv9jd5s1@gmail.com,EgdySFX1jk,9615351999,9,photo-1707329936204.png,
65c3e1b17a702efd20c5f232,28,Sambit Purohit,"Andhra Pradesh, India",ytzjsmrs5u@gmail.com,0F4EcMVsd8Rp,9287419348,94,photo-1707329942027.png,
65c3e1b17a702efd20c5f233,29,Himanshu Kumar,"Asam, India",f775kzk7l6@gmail.com,RgAf2jhm,9404923852,31,photo-1707329947206.png,
65c3e1b17a702efd20c5f234,30,Anurag Verma,"Bihar, India",t7u63ojbeb@gmail.com,wDES5Cvl,9169340679,18,photo-1707329975303.png,
65c3e1b17a702efd20c5f235,31,Sahyam Chakraborty,"Bihar, India",oze4lh7qqp@gmail.com,ofjoTwQcp50,9754044106,44,photo-1707330013537.png,
65c3e1b17a702efd20c5f236,32,Ritika Muskan,"Delhi, India",h871oikxfx@gmail.com,RMzjl9BMi0g9PS,9562431232,94,photo-1707330020138.png,
65c3e1b17a702efd20c5f237,33,Bhavesh Soni,"Andhra Pradesh, India",yrmgi6fr54@gmail.com,40imrgZZ8tjS1,9807506850,36,photo-1707330025347.png,
65c3e1b17a702efd20c5f238,34,Aprajita Kumari,"West Bengal, India",spzshne6d3@gmail.com,GYLaGaTYavZvk5W,9326434113,87,photo-1707330062372.png,
65c3e1b17a702efd20c5f239,35,Mannu Kumar,"Karnataka, India",cnzz0bi3yp@gmail.com,gt7xGDqPYrIBZnU,9608199829,45,photo-1707330068698.png,
65c3e1b17a702efd20c5f23a,36,Sweta Kumari,"Utter Pradesh, India",i9msotbyqw@gmail.com,QVzm4VU7nqvf,9371866449,7,photo-1707330074549.png,
65c3e1b17a702efd20c5f23b,37,Aniket Rana,"Jammu, India",d6rzxg7uhz@gmail.com,SHkZhGiUJZrG3,9465857243,8,photo-1707330080170.png,
65c3e1b17a702efd20c5f23c,38,Vimlesh Kumar Gupta,"Himanchal, India",ols0yxj1kv@gmail.com,kr0mkLSGYR,9881531641,1,photo-1707330085430.png,
65c3e1b17a702efd20c5f23d,39,Aman Joshi,"West Bengal, India",ly0grzyc1o@gmail.com,a66jOaTla7K,9329686164,11,photo-1707330091590.png,
65c3e1b17a702efd20c5f23e,40,Bhavana,"Maharashtra, India",dft92lvth3@gmail.com,A9GfFaosROVpJU,9263035765,76,photo-1707330114013.png,
65c3e1b17a702efd20c5f23f,41,Kamaljeet Kaur,"Gujarat, India",ol36eykcf3@gmail.com,1a8zcBA6jEx,9716472199,21,photo-1707330119655.png,
65c3e1b17a702efd20c5f240,42,Bekrom Roy,"Bihar, India",ayjdj8ud3v@gmail.com,dCcY6zIXtjD2y,9511163276,101,photo-1707330125860.png,
65c3e1b17a702efd20c5f241,43,Surbhi Chauhan,"Jammu, India",ejypgnojgs@gmail.com,lYqB81fVz,9091175617,45,photo-1707330131745.png,
65c3e1b17a702efd20c5f242,44,Kunal Saini,"Andhra Pradesh, India",h721g0c59y@gmail.com,uOJ34k7A,9506064083,107,photo-1707330137481.png,
65c3e1b17a702efd20c5f243,45,Asharaya Singh Bhadauriya,"Andhra Pradesh, India",lxrz6oyldg@gmail.com,g2mHnMxMkK,9175774400,48,photo-1707330142987.png,
65c3e1b17a702efd20c5f244,46,Riya Gupta,"Jammu, India",uc51y7xo0t@gmail.com,78E3IQJyzO,9851267869,37,photo-1707330164565.png,
65c3e1b17a702efd20c5f245,47,Atul Kumar Shrivastava,"Utter Pradesh, India",deeuor8trg@gmail.com,bvH9XpZTZhdOvsu,9235749436,88,photo-1707330131745.png,
65c3e1b17a702efd20c5f246,48,Parveen,"Gujarat, India",e48unct3sc@gmail.com,2EWJE7IfJOn,9293711403,69,photo-1707330137481.png,
65c3e1b17a702efd20c5f247,49,Satyam Sen,"Bihar, India",u0v87m9ea7@gmail.com,CgispEqbXr2Y4,9855549989,71,photo-1707330142987.png,
65c3e1b17a702efd20c5f248,50,Thoudam Sanjit Singh,"Delhi, India",gkec04mzti@gmail.com,AtIHrQm4Xp2Sazi,9907826529,15,photo-1707330171045.png,
65c3e1b17a702efd20c5f249,51,Arpan Sharma,"West Bengal, India",ql3abu1cc8@gmail.com,TA5uNsUL,9814710729,6,photo-1707330177012.png,
65c3e1b17a702efd20c5f24a,52,Abhishek Kumar Jha,"Utter Pradesh, India",pc3pa0h123@gmail.com,Bu2SdffFth91v70,9846420795,92,photo-1707330182822.png,
65c3e1b17a702efd20c5f24b,53,Rishav Bhardwaj,"Jammu, India",zcplg2urcv@gmail.com,nNcfGjknkxa2fx,9640290793,11,,
65c3e1b17a702efd20c5f24c,54,Ritik Tripathi,"Andhra Pradesh, India",lr1m7v3gnw@gmail.com,1kY7bVI0uALuP,9534084271,102,,
65c3e1b17a702efd20c5f24d,55,Himanshu Kumar,"Andhra Pradesh, India",ic2fmmifdl@gmail.com,5Lhobcv3Dw,9436508652,73,,
65c3e1b17a702efd20c5f24e,56,P Pawan Kumar,"Utter Pradesh, India",fg35sra6ad@gmail.com,6SUTkV3if,9486743746,28,,
65c3e1b17a702efd20c5f24f,57,Ashutosh Singh,"Andhra Pradesh, India",cg2z4zbup3@gmail.com,fe7USEQgt8yAv,9035832964,18,,
65c3e1b17a702efd20c5f250,58,Neha Kumari,"Andhra Pradesh, India",kg01exag6p@gmail.com,BHEehpv2SPdV7,9115990259,51,,
65c3e1b17a702efd20c5f251,59,Sakshi Sharma,"Jammu, India",n4pexbuvst@gmail.com,zOxkn8rZ,9122361240,17,,
65c3e1b17a702efd20c5f252,60,Muskan Aneja,"Tamil Nadu, India",mzbh2mviha@gmail.com,Ck5Hbg0aOv,9069368127,55,,
65c3e1b17a702efd20c5f253,61,Sagar Verma,"Manipur, India",f8u1gkxuo5@gmail.com,O2HIPM8QLusjg,9114739787,7,,
65c3e1b17a702efd20c5f254,62,Ritik Prasad,"Uttar Pradesh, India",qcbr8hmzc1@gmail.com,9DHzkuJ7s9B,9123339280,11,,
65c3e1b17a702efd20c5f255,63,Anushka Gupta,"Bihar, India",yzdgs16oqs@gmail.com,9Nw8GlgHwl1F2d,9361590980,47,,
65c3e1b17a702efd20c5f256,64,ZARREEN NIHAL,"RajSthan, India",x49csziwag@gmail.com,ICFxHu898,9242930916,27,,
65c3e1b17a702efd20c5f257,65,Aarushi Mahajan,"Asam, India",zxeh93fqal@gmail.com,418BEdJ8lVrTv78,9384748832,105,,
65c3e1b17a702efd20c5f258,66,Kumar Abhishek,"Utter Pradesh, India",o4bn1o64uc@gmail.com,OHQm7KdkWgqrb,9678378393,71,,
65c3e1b17a702efd20c5f259,67,Sahil Sharma,"Himanchal, India",d92wyg3b9u@gmail.com,pIss1tu6dBDaVU,9375291784,2,,
65c3e1b17a702efd20c5f25a,68,Rajan Kumar,"Andhra Pradesh, India",wobk19nziw@gmail.com,KKXWSD1QVMiFZ0,9067946700,81,,
65c3e1b17a702efd20c5f25b,69,Suraj kumar Pandey,"Kerala, India",r6hvxvmhi5@gmail.com,FvlN1HAT5jrzno,9813933611,95,,
65c3e1b17a702efd20c5f25c,70,Priya Kumari,"Gujarat, India",mpt5pqozfn@gmail.com,kBlSdSNEm1,9602997001,42,,
65c3e1b17a702efd20c5f25d,71,Anjali Basu,"Bihar, India",fzjno9pxps@gmail.com,erwFO5oLSJhTw,9870762540,38,,
65c3e1b17a702efd20c5f25e,72,Chippala Naveen,"Uttar Pradesh, India",zzavwdhiax@gmail.com,UyZ516KWgfBqs,9077585900,35,,
65c3e1b17a702efd20c5f25f,73,Akshay Thakur,"Gujarat, India",wjylavznpi@gmail.com,jBs2ejbc3,9715723647,58,,
65c3e1b17a702efd20c5f260,74,Debraj Ghosh,"Maharashtra, India",aa4kou7uic@gmail.com,x21mWb6ha,9866629238,10,,
65c3e1b17a702efd20c5f261,75,Sapna Kumari,"Uttar Pradesh, India",de2oqwmt3p@gmail.com,9AhbGhDZf,9218819869,55,,
65c3e1b17a702efd20c5f262,76,Yara Ankitha,"Maharashtra, India",bx7syx6rhg@gmail.com,XfCpKsuSYlVK9LS,9819993609,9,,
65c3e1b17a702efd20c5f263,77,Gajanan Prajapati,"Rajasthan, India",knbo1lntgj@gmail.com,WjUC9gi4ObV,9610066999,61,,
65c3e1b17a702efd20c5f264,78,Aaditya Paliwal,"Rajasthan, India",vj8aml8bdl@gmail.com,MCHwCqfuU3hYO,9173164254,75,,
65c3e1b17a702efd20c5f265,79,KURUGONDA VENU,"Delhi, India",iopnq7rt93@gmail.com,DoNT2MW06E,9844766573,25,,
65c3e1b17a702efd20c5f266,80,Somesh Negi,"Gujarat, India",du9kty9h0p@gmail.com,GElDhm4E8DMyW,9551489002,15,,
65c3e1b17a702efd20c5f267,81,Sardar Tariq Aziz,"Tamil Nadu, India",ncw92or5ul@gmail.com,oxlX98ko1oDUyh,9255293876,43,,
65c3e1b17a702efd20c5f268,82,Rupali Sinha,"Utter Pradesh, India",eomgal8sro@gmail.com,q7kxMrCp3N,9039545281,26,,
65c3e1b17a702efd20c5f269,83,Minakshi Sahu,"Bihar, India",jy0en0hxuz@gmail.com,D6cujVdEDY,9270200182,10,,
65c3e1b17a702efd20c5f26a,84,Md Aquib,"Gujarat, India",spsri7shdh@gmail.com,yQOGl8VdP,9398124198,62,,
65c3e1b17a702efd20c5f26b,85,Minakshi Sharma,"Andhra Pradesh, India",vwleirgqi2@gmail.com,vOK0FbK8K1WHla,9272769376,48,,
65c3e1b17a702efd20c5f26c,86,Chandra Shekhar Kumar,"Delhi, India",wd2u7rjx5b@gmail.com,L5vIuRMTCgHH,9190418870,15,,
65c3e1b17a702efd20c5f26d,87,Bhawana Malakar,"Rajasthan, India",gf8h4k2shw@gmail.com,yZ3SHUvs2c9vGl,9681318378,75,,
65c3e1b17a702efd20c5f26e,88,Reema,"Utter Pradesh, India",wqx76u5u48@gmail.com,4U2ZJ73noH9fo,9163196488,17,,
65c3e1b17a702efd20c5f26f,89,Jyoti Kumari Yadav,"Manipur, India",ikz2cepa3u@gmail.com,ajjPG3FrvGW,9850531054,78,,
65c3e1b17a702efd20c5f270,90,Ashish Barthwal,"Maharashtra, India",v8u7vqi1fp@gmail.com,ctTrhzQUt0,9598025544,57,,
65c3e1b17a702efd20c5f271,91,Harshit Kumar,"Utter Pradesh, India",h5p3cks9o1@gmail.com,j732CY3P6ArL6,9783815324,78,,
65c3e1b17a702efd20c5f272,92,Ranjeeta Chatterjee,"Gujarat, India",t3w08ontdy@gmail.com,T8977ngws02O19,9364069705,67,,
65c3e1b17a702efd20c5f273,93,Vaishali Malik,"Karnataka, India",bvznukqznh@gmail.com,DVwR28nSm8VfsUq,9473560115,51,,
65c3e1b17a702efd20c5f274,94,Ritika Rawal,"Andhra Pradesh, India",llgg2fwzju@gmail.com,LzijcoxD1r8Tx,9350910687,33,,
65c3e1b17a702efd20c5f275,95,Ashish Kumar,"Kerala, India",cwivjozusg@gmail.com,QORIsQy4,9768545095,16,,
65c3e1b17a702efd20c5f276,96,Vimaljit Kaur,"Karnataka, India",oom8d21bgx@gmail.com,48Tx6p56yTxoa,9790506594,56,,
65c3e1b17a702efd20c5f277,97,Vipul Pandey,"Manipur, India",z1pw107e6t@gmail.com,xXrPwZf1J,9808909626,101,,
65c3e1b17a702efd20c5f278,98,Vinit Kumar,"RajSthan, India",w0otix982m@gmail.com,JgxlKI1NyMZpx0,9818837045,110,,
65c3e1b17a702efd20c5f279,99,Anant Rai,"Andhra Pradesh, India",we6dyr5sdl@gmail.com,t5PtIp5tXW0P,9580031494,89,,
65c3e1b17a702efd20c5f27a,100,Anisha Mehta,"West Bengal, India",lf2ba3x5r7@gmail.com,tY1zfBU7X7P,9995576989,107,,
65c3e1b17a702efd20c5f27b,101,RITIK PAL,"Maharashtra, India",dx917t7tos@gmail.com,N72T3I1Bgzkp,9606574483,38,,
65c3e1b17a702efd20c5f27c,102,Abhishek Verma,"Utter Pradesh, India",iu09ejrks0@gmail.com,M4jR43hsV7,9979536271,23,,
65c3e1b17a702efd20c5f27d,103,Abid Khan,"Tamil Nadu, India",ojj3pm018j@gmail.com,8j2zcoPm,9709731849,101,,
65c3e1b17a702efd20c5f27e,104,Shalini Chauhan,"Andhra Pradesh, India",cu2hvq21uj@gmail.com,KJ1dWBysFo,9074752144,16,,
65c3e1b17a702efd20c5f27f,105,Ravi Shankar Mahto,"Gujarat, India",cvi41639dg@gmail.com,8KHcj6ID,9208645574,12,,
65c3e1b17a702efd20c5f280,106,Ayush,"Kerala, India",qg6ihrdbp4@gmail.com,OzrrJz1Bod,9016136958,68,,
65c3e1b17a702efd20c5f281,107,Tanya,"Andhra Pradesh, India",vtr0dy8tmr@gmail.com,QeEoicR5dlHb6,9742663531,19,,
65c3e1b17a702efd20c5f282,108,Sadashiv Oram,"Asam, India",itpmqw448j@gmail.com,dIGnewd2S1X,9739539098,13,,
65c3e1b17a702efd20c5f283,109,Sukanya Kumari,"Jammu, India",em0y13aval@gmail.com,pZf2JNUwZPV08,9447126587,34,,
65c3e1b17a702efd20c5f284,110,sumit s Sahu,"West Bengal, India",g1wxud1g44@gmail.com,1mZAr09gfuHbP,9452487013,19,,
65c3e1b17a702efd20c5f285,111,Biswajeet Sahani,"Kerala, India",hxriash4m0@gmail.com,X43GeFGc,9351973709,42,,
65c3e1b17a702efd20c5f286,112,Puja Kumari,"Himanchal, India",ghpt7cfpbm@gmail.com,DtZuBEAZr7tF,9094698733,42,,
65c3e1b17a702efd20c5f287,113,Sachin Kumar Mishra,"Manipur, India",mw55o3ef7m@gmail.com,XBFeoXAvtRF5Y,9627175992,63,,
65c3e1b17a702efd20c5f288,114,Dheeraj Kumar,"Gujarat, India",lhfcdmbnhg@gmail.com,AcQWKIIMm8Ed7F8,9869735826,84,,
65c3e1b17a702efd20c5f289,115,Nitesh Yadav,"Rajasthan, India",b6pbtc29rr@gmail.com,wS7E0cinZufZb,9535556209,30,,
65c3e1b17a702efd20c5f28a,116,Abhishek Jena,"Delhi, India",k77vdp7yqk@gmail.com,046K5BXRr46,9736357195,77,,
65c3e1b17a702efd20c5f28b,117,Abhishek kumar Yadav,"Maharashtra, India",znxkfehpxp@gmail.com,BpASakNQvH0d,9855825306,66,,
65c3e1b17a702efd20c5f28c,118,Satvik Bhanwal,"Kerala, India",ik5qz6wo5t@gmail.com,NZBk6ZxP2ldbSp,9743264361,18,,
65c3e1b17a702efd20c5f28d,119,Anshu Gupta,"Bihar, India",prkgihfuf2@gmail.com,0UfUv0VjH19,9351079545,54,,
65c3e1b17a702efd20c5f28e,120,Manisha Kumari,"Himanchal, India",ss1lir4duu@gmail.com,TZ49Li7O,9898926146,10,,
65c3e1b17a702efd20c5f28f,121,KM Shalini Verma,"RajSthan, India",h38kzzigkw@gmail.com,0zx36xluGs7,9797774231,54,,
65c3e1b17a702efd20c5f290,122,Prasad Sagar Hiralal,"Uttar Pradesh, India",fb36e1e99d@gmail.com,IqS1dvfp0qY,9556365361,112,,
65c3e1b17a702efd20c5f291,123,Nitika,"Jammu, India",xdbdrc5ctw@gmail.com,K9PO83biVS7wmMf,9036620385,80,,
65c3e1b17a702efd20c5f292,124,Sunil Kumar Nayak,"Himanchal, India",y5f5oq8nun@gmail.com,6zVW8U2TxQmRIQ,9498515366,112,,
65c3e1b17a702efd20c5f293,125,Chhaya,"Delhi, India",eaxi48alsr@gmail.com,Z78I5ouc72GJSI,9995816806,53,,
65c3e1b17a702efd20c5f294,126,Prakriti Chauhan,"Gujarat, India",h1nyzoicud@gmail.com,toSfynyG9kVx4,9879639867,37,,
65c3e1b17a702efd20c5f295,127,Anmol Gupta,"Kerala, India",aa1b5wn3br@gmail.com,tOGtf38I90CW,9421190352,25,,
65c3e1b17a702efd20c5f296,128,Kumari Damini Chanchala,"Uttar Pradesh, India",cwewjq15ri@gmail.com,DFUIVSb6nOO,9041624687,22,,
65c3e1b17a702efd20c5f297,129,Shruti Rajput,"Jammu, India",f6zd3x6o66@gmail.com,q0AbFdwl,9594630709,85,,
65c3e1b17a702efd20c5f298,130,Preeti Toppo,"Karnataka, India",ftc0zlbzz0@gmail.com,ZKpt8HJXN,9988337627,14,,
65c3e1b17a702efd20c5f299,131,Bipul Kumar Singh,"West Bengal, India",r5i4wz7woc@gmail.com,tDRAFvzfrNLvlm6,9094116018,90,,
65c3e1b17a702efd20c5f29a,132,Jaimit Patel,"RajSthan, India",gw1iu1v98j@gmail.com,8WIQx0PSVIsze,9663674337,100,,
65c3e1b17a702efd20c5f29b,133,Khushi Sarkar,"Jammu, India",v2239jug2j@gmail.com,OiSmhmfbaL9qR,9228027068,66,,
65c3e1b17a702efd20c5f29c,134,Anju Kumari,"Karnataka, India",b1p3hvdpmh@gmail.com,FEu34udUb,9119095297,78,,
65c3e1b17a702efd20c5f29d,135,Aditya Kumar,"Delhi, India",xqjxj5cjy1@gmail.com,ZkoSAEHjD4,9273620749,34,,
65c3e1b17a702efd20c5f29e,136,Yedoti Mahesh,"Asam, India",yqoflcpf3z@gmail.com,tlML9Rda,9808183722,37,,
65c3e1b17a702efd20c5f29f,137,Ashirvad Kumar Singh,"RajSthan, India",gm6tbp8zp8@gmail.com,Sbm2sWXTMi,9176432051,68,,
65c3e1b17a702efd20c5f2a0,138,Deepika Yadav,"West Bengal, India",kop1qu1iwv@gmail.com,BwT2yXX70GrP2A,9635092267,78,,
65c3e1b17a702efd20c5f2a1,139,Arshdeep Kaur,"RajSthan, India",rrdsua784a@gmail.com,mEBVn5KiGVnn7Z,9835330449,37,,
65c3e1b17a702efd20c5f2a2,140,Mansi Srivastav,"Gujarat, India",cdwku7vww8@gmail.com,aj0jjbYtQQyR,9476748389,111,,
65c3e1b17a702efd20c5f2a3,141,Apoorv Tiwari,"Utter Pradesh, India",wlhni3qr2t@gmail.com,t49Hr69tSL3Tn,9806711221,14,,
65c3e1b17a702efd20c5f2a4,142,Abhishek Tripathi,"Himanchal, India",xd8lsj6wsm@gmail.com,Z8CNW041TAgVHn,9527906827,11,,
65c3e1b17a702efd20c5f2a5,143,Riya Chaudhary,"Andhra Pradesh, India",ra9lkkljh9@gmail.com,aXMGPmsUME9nvcs,9052347516,95,,
65c3e1b17a702efd20c5f2a6,144,Jahnvi Rawat,"Manipur, India",eo8dbcwtt0@gmail.com,2nw6arszb7R,9688916615,76,,
65c3e1b17a702efd20c5f2a7,145,Rudra Pratap Singh,"Andhra Pradesh, India",e0ejz3sa84@gmail.com,VappiCH79oI14,9693939638,67,,
65c3e1b17a702efd20c5f2a8,146,Aryan Chand,"West Bengal, India",sb1hl57wd4@gmail.com,X2fPANcDV,9786223226,46,,
65c3e1b17a702efd20c5f2a9,147,Deblina Das,"West Bengal, India",nlmnze3f7p@gmail.com,W8DfAGG49t3qK9,9737934633,12,,
65c3e1b17a702efd20c5f2aa,148,Swarna Jaya Vardhan,"Utter Pradesh, India",ljvsouqjn8@gmail.com,S35yNsIP,9228841500,94,,
65c3e1b17a702efd20c5f2ab,149,Aarya Smriti,"Uttar Pradesh, India",knt2cc2luc@gmail.com,XxW9XXHCmkUuUcD,9042398972,57,,
65c3e1b17a702efd20c5f2ac,150,Srishti Dwivedi,"West Bengal, India",k73e9rejp3@gmail.com,MDbB3lwvTGW,9483498103,15,,
65c3e1b17a702efd20c5f2ad,151,Gorrepati Anusha,"Karnataka, India",j3ajfrlkvz@gmail.com,C2ZLTuLmP8TOg,9254383468,33,,
65c3e1b17a702efd20c5f2ae,152,Anurag Anand,"Utter Pradesh, India",kptibw2l19@gmail.com,yj9vP7gZekQ,9504709007,82,,
65c3e1b17a702efd20c5f2af,153,Shivani Kumari,"Andhra Pradesh, India",ongm49tl4u@gmail.com,BgQG3Ra4LfS,9264462165,87,,
65c3e1b17a702efd20c5f2b0,154,Deepak Kumar,"Utter Pradesh, India",uj7aii3y7l@gmail.com,3Qqbl4ZHliD,9791226783,74,,
65c3e1b17a702efd20c5f2b1,155,Anshu Yadav,"West Bengal, India",e2f19m0xsr@gmail.com,pILQp6YzC,9563165389,108,,
65c3e1b17a702efd20c5f2b2,156,Aditya Kumar,"Kerala, India",tkx47snn1o@gmail.com,TTMsLb2kkq,9871272030,37,,
65c3e1b17a702efd20c5f2b3,157,Ankit srivastava,"Rajasthan, India",wg6iriqljg@gmail.com,eY2g2qGefo,9000558112,80,,
65c3e1b17a702efd20c5f2b4,158,Bibhas Sahu,"West Bengal, India",i1n4vo5aqz@gmail.com,gTJOHy0gU2vahUG,9638320775,89,,
65c3e1b17a702efd20c5f2b5,159,Himansu Sharma,"Gujarat, India",m9pprbofcu@gmail.com,NqZNKgIMs0E9k,9143774453,57,,
65c3e1b17a702efd20c5f2b6,160,Siddharth Tamboli,"Himanchal, India",w86y5irv2c@gmail.com,PLu5DLHtMjSzK,9891733085,73,,
65c3e1b17a702efd20c5f2b7,161,Amiya Ranjan,"West Bengal, India",qoq3dq4cg0@gmail.com,7DuStQkFCie,9262388518,8,,
65c3e1b17a702efd20c5f2b8,162,Trisha Singh,"Manipur, India",xjiz1lqujz@gmail.com,B3FyxyjoUw,9322052229,27,,
65c3e1b17a702efd20c5f2b9,163,B Venu Madhavi Reddy,"Manipur, India",sun18wmz2i@gmail.com,9zaviuVRfKPcRBf,9726561338,5,,
65c3e1b17a702efd20c5f2ba,164,Anjali Singh,"Gujarat, India",bqvyhw6w91@gmail.com,KS85XVrhrdpQ6ZS,9054170953,38,,
65c3e1b17a702efd20c5f2bb,165,Singirikonda Saimani,"Andhra Pradesh, India",qvk0m00v0i@gmail.com,9RXg6h88cXI,9886340279,38,,
65c3e1b17a702efd20c5f2bc,166,Kunal Pathak,"Jammu, India",zp4tcaygeh@gmail.com,kz8FwVopvAyD,9621953748,68,,
65c3e1b17a702efd20c5f2bd,167,Shakshi Kumari,"RajSthan, India",ugvjccoddx@gmail.com,wW1ubK6TpnD,9795418812,110,,
65c3e1b17a702efd20c5f2be,168,Deepak Sharma,"Himanchal, India",l72t5p6hnv@gmail.com,OnCqICW39,9985836613,36,,
65c3e1b17a702efd20c5f2bf,169,Aditya Verma,"Tamil Nadu, India",yn7b48qad1@gmail.com,oLTlL3e3w8x,9325575788,72,,
65c3e1b17a702efd20c5f2c0,170,Sweta Mishra,"Kerala, India",k0yjdwqao7@gmail.com,53FdaJ54zXH6qHu,9904246569,84,,
65c3e1b17a702efd20c5f2c1,171,Chandrakanta Das,"Karnataka, India",tq5f90woqs@gmail.com,ce60kcIXUJQKM,9792990473,82,,
65c3e1b17a702efd20c5f2c2,172,Jayveer Mall,"Karnataka, India",d62iehynxe@gmail.com,75ucGuU4,9259840303,57,,
65c3e1b17a702efd20c5f2c3,173,Ayush Kumar Singh,"RajSthan, India",yerdispcf0@gmail.com,zTVbcJm8sMZe,9880217984,2,,
65c3e1b17a702efd20c5f2c4,174,Sanghamitra Dutta,"Bihar, India",xd8kdi0b9x@gmail.com,pinO82n2,9330953784,89,,
65c3e1b17a702efd20c5f2c5,175,Manish Raghav,"Karnataka, India",gx7p6egtnq@gmail.com,klOW4r4NOXZERn,9370436907,12,,
65c3e1b17a702efd20c5f2c6,176,Khushi Jha,"Delhi, India",lyjbui98x3@gmail.com,yI0sjAyramdX,9257617614,1,,
65c3e1b17a702efd20c5f2c7,177,C Jyothi Priya,"Bihar, India",uf9fu9d1o7@gmail.com,qujZOL53Hyhiu5,9999954884,26,,
65c3e1b17a702efd20c5f2c8,178,Harsh Singh,"Karnataka, India",d3q9wu6r15@gmail.com,FjdxU3S6L6F,9139960970,110,,
65c3e1b17a702efd20c5f2c9,179,Shivam Gupta,"West Bengal, India",oof5vahrb0@gmail.com,g52yfxBP,9583375829,26,,
65c3e1b17a702efd20c5f2ca,180,Deepak Yadav,"Kerala, India",dk142pymtm@gmail.com,5gz9p7jWfl3JaR,9002129757,13,,
65c3e1b17a702efd20c5f2cb,181,Jampana Apurva Rama,"Asam, India",rkveh50cv8@gmail.com,LtXw7T9Qcab1C,9746763067,37,,
65c3e1b17a702efd20c5f2cc,182,Akash Singh,"Rajasthan, India",f7j1a38vnn@gmail.com,8gmYfZVXJNE,9602331291,109,,
65c3e1b17a702efd20c5f2cd,183,Sunita,"Himanchal, India",t3cf1b5k88@gmail.com,JfQRcrWYtQ4RYY,9465332607,49,,
65c3e1b17a702efd20c5f2ce,184,Kritika Singh,"Bihar, India",yj67r5prsx@gmail.com,Ek2JE5u2CEJ,9524093142,109,,
65c3e1b17a702efd20c5f2cf,185,Posham Vicharitha,"Himanchal, India",ppx8cvmwss@gmail.com,cFMcf6H3U,9083978545,27,,
65c3e1b17a702efd20c5f2d0,186,Manisha,"Rajasthan, India",pi4a1a8hnw@gmail.com,9vloqUPu,9815893711,42,,
65c3e1b17a702efd20c5f2d1,187,Kushal,"Uttar Pradesh, India",txpjd6unyo@gmail.com,0J2IlRQHeaj,9624222146,23,,
65c3e1b17a702efd20c5f2d2,188,Sukhjit Singh,"Tamil Nadu, India",i4pf4x8w07@gmail.com,PvlV9UEg7gzVvJc,9150278610,45,,
65c3e1b17a702efd20c5f2d3,189,Aditya Chaudhary,"Gujarat, India",wxuw01vvxs@gmail.com,Vm9n94ZbmM,9227062883,72,,
65c3e1b17a702efd20c5f2d4,190,Vani Saxena,"Tamil Nadu, India",fe6aarswel@gmail.com,j871reeePBBlL2,9553131471,36,,
65c3e1b17a702efd20c5f2d5,191,Kumari Jaya,"Andhra Pradesh, India",d1388g7cvp@gmail.com,gdH05F6U,9175476047,76,,
65c3e1b17a702efd20c5f2d6,192,Yogendra Kumar Dubey,"Asam, India",h8b4q7h7hj@gmail.com,0QaWKkZPqEhIQud,9878102141,85,,
65c3e1b17a702efd20c5f2d7,193,Amit Rana,"Manipur, India",d941hxnu5w@gmail.com,MEF7HqQX3pJN,9197354086,85,,
65c3e1b17a702efd20c5f2d8,194,Sahanaj Rahaman,"Andhra Pradesh, India",q6k83is8pc@gmail.com,fkL0mx2G8,9608631322,33,,
65c3e1b17a702efd20c5f2d9,195,Lucky Singh,"Tamil Nadu, India",qviftpe1vt@gmail.com,lv8ls3F0cgtM,9628094392,66,,
65c3e1b17a702efd20c5f2da,196,Shivam Kumar,"Asam, India",b2wqnphpih@gmail.com,Xx9EYEuu4,9866164464,66,,
65c3e1b17a702efd20c5f2db,197,Akash Singh,"Gujarat, India",fp8aq4vjzh@gmail.com,HfxZvgf7AUNH5n,9928771246,96,,
65c3e1b17a702efd20c5f2dc,198,Aniket Lakhanpal,"Maharashtra, India",dkn17yd7jb@gmail.com,cshF1KDxmjuT38,9328549754,32,,
65c3e1b17a702efd20c5f2dd,199,Avadhraj Verma,"Himanchal, India",vzv2zfjjxk@gmail.com,pL3mjv0jEo1KT2,9120848692,82,,
65c3e1b17a702efd20c5f2de,200,Devyani Joshi,"Jammu, India",w8me5ptxfn@gmail.com,p3k7jBE2oIk,9577134574,69,,
65c3e1b17a702efd20c5f2df,201,Ayush Kumar,"Karnataka, India",p15jg3hnun@gmail.com,9RdiGkRwLtfeou,9990749061,41,,
65c3e1b17a702efd20c5f2e0,202,Mona Rai,"RajSthan, India",w4o3lcpt1v@gmail.com,Xwk036nFnH8D5O6,9308996978,64,,
65c3e1b17a702efd20c5f2e1,203,Kuldeep Singh,"Manipur, India",ufq3vqjpj9@gmail.com,8isH58Tv,9736037579,107,,
65c3e1b17a702efd20c5f2e2,204,Stuti,"Kerala, India",w43j39x6wi@gmail.com,bl8sYrrn,9645317971,34,,
65c3e1b17a702efd20c5f2e3,205,Nehashree Giri,"Uttar Pradesh, India",yc0b52088m@gmail.com,kneSXm8aAD,9168356918,43,,
65c3e1b17a702efd20c5f2e4,206,Shinde Anagha Shivaji,"West Bengal, India",ad2f06a538@gmail.com,1cCCFny9x,9186015229,66,,
65c3e1b17a702efd20c5f2e5,207,Ajay Kumar,"Andhra Pradesh, India",dhnr9prh94@gmail.com,Qxz323Biww,9735884723,108,,
65c3e1b17a702efd20c5f2e6,208,Nisha Rani,"Asam, India",g6mestjxb7@gmail.com,1BOF6cwb7lautu3,9971755260,90,,
65c3e1b17a702efd20c5f2e7,209,Anjali Raj,"Gujarat, India",tqobf44uno@gmail.com,ncMHItIz6CG,9046875191,35,,
65c3e1b17a702efd20c5f2e8,210,Bhabesh Kumar Jena,"Gujarat, India",ng9u2u8150@gmail.com,7h0czups5CTXB,9860609554,82,,
65c3e1b17a702efd20c5f2e9,211,Tanya,"Uttar Pradesh, India",pshvay60c4@gmail.com,82mgB5HIe,9955383872,60,,
65c3e1b17a702efd20c5f2ea,212,Sneha Sinha,"Delhi, India",o5dubfr3cz@gmail.com,VLPWaqOqHts3l6X,9566162888,23,,
65c3e1b17a702efd20c5f2eb,213,Varsha Singh,"Tamil Nadu, India",ifmfx46o44@gmail.com,dcgCJiGDAH6l8y,9539603246,109,,
65c3e1b17a702efd20c5f2ec,214,Shivani Sharma,"Maharashtra, India",khcfpcbkpj@gmail.com,1Q9R88kJ8zHYx,9655518857,26,,
65c3e1b17a702efd20c5f2ed,215,Ritesh Kumar,"Himanchal, India",dflddfqxg4@gmail.com,9MSNeOFxs,9563804901,34,,
65c3e1b17a702efd20c5f2ee,216,Astha Singh,"Karnataka, India",ps3xmls68p@gmail.com,Ou7HRRABdK,9334574645,93,,
65c3e1b17a702efd20c5f2ef,217,Janmejay Kumar,"Andhra Pradesh, India",ryzyrtdvox@gmail.com,esrMfcotw8XbNb,9097303885,44,,
65c3e1b17a702efd20c5f2f0,218,Aditya Upadhyay,"Himanchal, India",kkaki9yt3v@gmail.com,X2mNyWZsb,9200108390,1,,
65c3e1b17a702efd20c5f2f1,219,Adarsh Pratyay,"Jammu, India",l3000uonyr@gmail.com,rXFAaR17S6qeNCU,9517765946,40,,
65c3e1b17a702efd20c5f2f2,220,Amritansh Thakur,"Delhi, India",heojfb09it@gmail.com,x6anUSLKN,9022981602,102,,
65c3e1b17a702efd20c5f2f3,221,Abhishek Sharma,"West Bengal, India",co86lx9gql@gmail.com,VdyVcTH2wQ,9292518637,87,,
65c3e1b17a702efd20c5f2f4,222,Asmit Alok,"Himanchal, India",r7wes8uaq0@gmail.com,fdhc03H0RgK8H,9023523870,6,,
65c3e1b17a702efd20c5f2f5,223,Lokesh Aggarwal,"Uttar Pradesh, India",l4y7lknn5l@gmail.com,7mi7kgWpZF4x,9137633107,11,,
65c3e1b17a702efd20c5f2f6,224,Sahil Patiyal,"Gujarat, India",hx62u3us74@gmail.com,ofUro5CGec,9825990812,34,,
65c3e1b17a702efd20c5f2f7,225,Mohnish Kaushik,"Asam, India",diq7z3uywi@gmail.com,bic9SBilN,9209152150,24,,
65c3e1b17a702efd20c5f2f8,226,Abhishek Barak,"Bihar, India",gny4n7khui@gmail.com,WTqCe0meabr3H71,9226700203,80,,
65c3e1b17a702efd20c5f2f9,227,Ankit Kumar,"RajSthan, India",wu7qft2ij0@gmail.com,2lE8T6SikMcyM,9843229050,50,,
65c3e1b17a702efd20c5f2fa,228,Kumari Pragati,"Uttar Pradesh, India",rpkk42rjo1@gmail.com,lr4PWfFHoYiN,9183482217,111,,
65c3e1b17a702efd20c5f2fb,229,Ansh Srivastava,"Tamil Nadu, India",zy2aoy9w1g@gmail.com,YIa7djqwfKGRpT0,9479106933,10,,
65c3e1b17a702efd20c5f2fc,230,Ankur Yadav,"Andhra Pradesh, India",clej2fwx0l@gmail.com,1Q357LKxh,9782771106,23,,
65c3e1b17a702efd20c5f2fd,231,Barun Chaudhury,"Himanchal, India",xerph66gdn@gmail.com,orVTPFm3PvZ2H,9746999542,84,,
65c3e1b17a702efd20c5f2fe,232,Anuj Kumar,"Tamil Nadu, India",dud6mr1d91@gmail.com,zPyG4wtkF,9301938342,87,,
65c3e1b17a702efd20c5f2ff,233,Kanu Priya,"Himanchal, India",jrh6a7q6wy@gmail.com,ztaPYNkyd5,9922031889,51,,
65c3e1b17a702efd20c5f300,234,Kirti Tyagi,"Uttar Pradesh, India",wowtak0qgh@gmail.com,7WsezHZ2PNz3,9811270903,76,,
65c3e1b17a702efd20c5f301,235,Richa Sharma,"Bihar, India",wnquxkk3do@gmail.com,BGr5u4KfhQ,9892679187,50,,
65c3e1b17a702efd20c5f302,236,Kotagiri Ushaswini,"RajSthan, India",kzh7vsmxds@gmail.com,7DJDl1WMz0T,9486844528,12,,
65c3e1b17a702efd20c5f303,237,Jasti Geethika,"Gujarat, India",r9kp4ygbb0@gmail.com,haDPTQs7WRC,9303454425,68,,
65c3e1b17a702efd20c5f304,238,Sandhya Kumari,"Asam, India",nm827593mu@gmail.com,EklJhY6nsB4Aqe,9687082493,38,,
65c3e1b17a702efd20c5f305,239,Harish Sarika,"Utter Pradesh, India",scsq4sh2uu@gmail.com,kC1wEN6p,9857408352,90,,
65c3e1b17a702efd20c5f306,240,Nidhi Singh,"Uttar Pradesh, India",jpmrdfvbf7@gmail.com,aJAy0egJOiPM,9140803967,55,,
65c3e1b17a702efd20c5f307,241,Km Ishika Mishra,"Delhi, India",hen48feuxx@gmail.com,rvdSNk1s56,9869830174,85,,
65c3e1b17a702efd20c5f308,242,Vaishali Tyagi,"Tamil Nadu, India",t1l6xw1pz0@gmail.com,SGujF8PA5BRs1,9285343258,36,,
65c3e1b17a702efd20c5f309,243,Bhavanam Abhiram Reddy,"RajSthan, India",h9m3oh0wv4@gmail.com,73mdDRxv3DmV36,9800709759,34,,
65c3e1b17a702efd20c5f30a,244,Papireddy Maheswar Reddy,"Karnataka, India",pbrt4pvn2d@gmail.com,TZ7LRSjPx,9876638955,7,,
65c3e1b17a702efd20c5f30b,245,Raihan Ahmed,"Utter Pradesh, India",iv0tmhqsi6@gmail.com,VZlFo8rySh76A,9464034922,4,,
65c3e1b17a702efd20c5f30c,246,Neeraj Tamboli,"RajSthan, India",ffgf3iep56@gmail.com,m07uw7KSQIoWY,9616801972,34,,
65c3e1b17a702efd20c5f30d,247,Valiveti Adithya Ajitesh,"Delhi, India",phxhlyv88j@gmail.com,d7LyIudC,9758598482,2,,
65c3e1b17a702efd20c5f30e,248,Akash Singh,"Rajasthan, India",osyaevnuxr@gmail.com,jqcA6RxRCWdEOO9,9139791232,107,,
65c3e1b17a702efd20c5f30f,249,Sunita,"Utter Pradesh, India",kr4421x1no@gmail.com,fe1DgIDaM,9213100979,12,,
65c3e1b17a702efd20c5f310,250,Kritika Singh,"Bihar, India",yhfft0oj5u@gmail.com,q1fROLL8IwTT,9174969218,63,,
65c3e1b17a702efd20c5f311,251,Posham Vicharitha,"West Bengal, India",fy6u7jjnxu@gmail.com,fg1BDB4NYfPJgV,9993934484,93,,
65c3e1b17a702efd20c5f312,252,Manisha,"Andhra Pradesh, India",o3vneadf2n@gmail.com,YHUBElF9kdnzKAC,9288804869,21,,
65c3e1b17a702efd20c5f313,253,Kushal,"Tamil Nadu, India",k2k433cvfg@gmail.com,CFuiyUNHYnc1,9022415908,1,,
65c3e1b17a702efd20c5f314,254,Sukhjit Singh,"Utter Pradesh, India",agrkuz3ko9@gmail.com,vTg2t80v3bvi,9619985166,81,,
65c3e1b17a702efd20c5f315,255,Aditya Chaudhary,"Bihar, India",fswxkqp2x1@gmail.com,bUyFSOW2OEJB2Ef,9234071182,109,,
65c3e1b17a702efd20c5f316,256,Vani Saxena,"Manipur, India",sx548g40vv@gmail.com,Crz3XBN4LXQu,9508167318,106,,
65c3e1b17a702efd20c5f317,257,Kumari Jaya,"Andhra Pradesh, India",qox0erdoa4@gmail.com,B8ktluzbZy,9596104396,102,,
65c3e1b17a702efd20c5f318,258,Yogendra Kumar Dubey,"Tamil Nadu, India",o4hjp0jey8@gmail.com,IUHAUcJC3gRIjT,9075818545,58,,
65c3e1b17a702efd20c5f319,259,Amit Rana,"RajSthan, India",gpza387bb1@gmail.com,44Ub5wlA,9677418272,105,,
65c3e1b17a702efd20c5f31a,260,Sahanaj Rahaman,"Uttar Pradesh, India",incz2gqa4a@gmail.com,RtUwTlCE65s3,9446021653,54,,
65c3e1b17a702efd20c5f31b,261,Lucky Singh,"Kerala, India",mosww4z19o@gmail.com,9wSuX556m6g,9788971577,29,,
65c3e1b17a702efd20c5f31c,262,Shivam Kumar,"Himanchal, India",miopy0sfti@gmail.com,7wEL7cxro,9662722795,10,,
65c3e1b17a702efd20c5f31d,263,Akash Singh,"Karnataka, India",q72nm2bqux@gmail.com,aGDQ9Btbnz,9570320235,103,,
65c3e1b17a702efd20c5f31e,264,Aniket Lakhanpal,"Uttar Pradesh, India",vhfaawa97t@gmail.com,be6IMIZBF,9175694882,79,,
65c3e1b17a702efd20c5f31f,265,Avadhraj Verma,"Rajasthan, India",hes6dexos6@gmail.com,hIkYZHKC3,9309471921,112,,
65c3e1b17a702efd20c5f320,266,Devyani Joshi,"Kerala, India",bs4chkhuxe@gmail.com,d22npU9w7DN4,9586132740,33,,
65c3e1b17a702efd20c5f321,267,Ayush Kumar,"RajSthan, India",drlkcedk9k@gmail.com,hpQxs233xm,9308103161,82,,
65c3e1b17a702efd20c5f322,268,Mona Rai,"Utter Pradesh, India",ekg9pmzt0e@gmail.com,SXGyFHRsL4nv87,9142906073,81,,
65c3e1b17a702efd20c5f323,269,Kuldeep Singh,"Andhra Pradesh, India",snvyhcp33i@gmail.com,2wJRDz52GH71r,9983500127,44,,
65c3e1b17a702efd20c5f324,270,Stuti,"Rajasthan, India",boflh435yv@gmail.com,qamnZZ7QFL,9030065138,61,,
65c3e1b17a702efd20c5f325,271,Nehashree Giri,"Himanchal, India",hiqhh6efmz@gmail.com,5JgyOy6oPX90kF,9056827504,28,,
65c3e1b17a702efd20c5f326,272,Shinde Anagha Shivaji,"Utter Pradesh, India",iny7nz3lm1@gmail.com,JOqnpI4lZY,9558787872,47,,
65c3e1b17a702efd20c5f327,273,Ajay Kumar,"Andhra Pradesh, India",ta6rmn8xt5@gmail.com,rHajJzc4RrnYeq,9530631196,12,,
65c3e1b17a702efd20c5f328,274,Nisha Rani,"Karnataka, India",vs2jolt3lb@gmail.com,84gg378N,9099550595,107,,
65c3e1b17a702efd20c5f329,275,Sachin Kumar Mishra,"Delhi, India",s21j30k2en@gmail.com,O9cIaKKm,9896305617,40,,
65c3e1b17a702efd20c5f32a,276,Dheeraj Kumar,"Bihar, India",g3tn1llc7v@gmail.com,1CicpOpNzvi,9307481076,23,,
65c3e1b17a702efd20c5f32b,277,Nitesh Yadav,"Jammu, India",x4lomkawqy@gmail.com,AhP1qEuyDw,9162371374,5,,
65c3e1b17a702efd20c5f32c,278,Abhishek Jena,"Asam, India",exmj4g58xa@gmail.com,qF66RObA,9917596453,33,,
65c3e1b17a702efd20c5f32d,279,Abhishek kumar Yadav,"West Bengal, India",dwihmo5pnk@gmail.com,9tZbqMjSLgT,9095017976,70,,
65c3e1b17a702efd20c5f32e,280,Satvik Bhanwal,"Kerala, India",fbcbv825ic@gmail.com,Pe00ve3vTt,9822448665,80,,
65c3e1b17a702efd20c5f32f,281,Anshu Gupta,"RajSthan, India",mc4wdf9se6@gmail.com,MSPvcm6MTbffLA,9926539925,109,,
65c3e1b17a702efd20c5f330,282,Manisha Kumari,"Tamil Nadu, India",r3p8yl61qh@gmail.com,X2ZqeqRSDuATmZ,9421744574,63,,
65c3e1b17a702efd20c5f331,283,KM Shalini Verma,"Kerala, India",a5zt12vg2a@gmail.com,dbo4tDZumq,9590260096,95,,
65c3e1b17a702efd20c5f332,284,Prasad Sagar Hiralal,"Tamil Nadu, India",aj0znnr8ok@gmail.com,K74hulWJxjMSucq,9462561769,45,,
65c3e1b17a702efd20c5f333,285,Nitika,"Tamil Nadu, India",fo0dsay4ml@gmail.com,c2L2q2bI,9274662843,35,,
65c3e1b17a702efd20c5f334,286,Sunil Kumar Nayak,"West Bengal, India",okexh4gg6y@gmail.com,y1kV6vbCt,9892232166,31,,
65c3e1b17a702efd20c5f335,287,Chhaya,"Kerala, India",xld74hanae@gmail.com,l2v8QoHp4dnHD,9797731713,41,,
65c3e1b17a702efd20c5f336,288,Prakriti Chauhan,"Himanchal, India",qyr4k3atj4@gmail.com,Iyjk2rWL6Ipk,9554234666,110,,
65c3e1b17a702efd20c5f337,289,Anmol Gupta,"Karnataka, India",k79ceicnlz@gmail.com,kS3ozszK6EmlD,9211670992,63,,
65c3e1b17a702efd20c5f338,290,Kumari Damini Chanchala,"Rajasthan, India",xa097j014v@gmail.com,9J7xqdWkhfCSLD,9591694007,59,,
65c3e1b17a702efd20c5f339,291,Shruti Rajput,"Utter Pradesh, India",a6ndfm4zvx@gmail.com,F3DAgYeaPcwGU,9474065354,76,,
65c3e1b17a702efd20c5f33a,292,Preeti Toppo,"Uttar Pradesh, India",wv9jjjkl2p@gmail.com,1hHbdLbPJ8Ott7,9129795302,8,,
65c3e1b17a702efd20c5f33b,293,Bipul Kumar Singh,"Jammu, India",ogjjgqvt81@gmail.com,ZLM6cNBDV8fD8,9507498374,21,,
65c3e1b17a702efd20c5f33c,294,Jaimit Patel,"Delhi, India",p3qp3tgipw@gmail.com,mbEdfFb9N,9540027394,10,,
65c3e1b17a702efd20c5f33d,295,Khusfshi Sarkar,"Andhra Pradesh, India",hu47qr9mvu@gmail.com,kxZA1XzY3Z,9094508071,62,,
65c3e1b17a702efd20c5f33e,296,Anju Kusdmari,"Andhra Pradesh, India",yct0jqijgm@gmail.com,o1WpY84pMm,9788854432,19,,
65c3e1b17a702efd20c5f33f,297,Addsfitya Kumar,"Karnataka, India",vpsp8ylgmz@gmail.com,NS9SUjsOsMUn,9122070378,62,,
65c3e1b17a702efd20c5f340,298,Yedodsfti Mahesh,"Rajasthan, India",udq1tt2n8v@gmail.com,xlcKXAtrm4,9990614814,51,,
65c3e1b17a702efd20c5f341,299,Ashirfsvad Kumar Singh,"Bihar, India",cb7vr0b3uo@gmail.com,39C1z3Kr,9768967286,87,,
65c3e1b17a702efd20c5f342,300,Deepfdsika Yadav,"Utter Pradesh, India",rajanranjan06254@gmail.com,wIwF1J2OkN,9937667421,60,,
65c3e1b17a702efd20c5f343,302,Rajan Kumar Singh,"Bettiah, Bihar,India",rajanranjan@gmail.com,MVzkrUvWa42ew8,7970876589,3,photo-1707327524046.jpg,
65c4c14e3733d1dcf3ccb885,304,Rajan Kumar Singh,"Bettiah, Bihar,India",rajanranjan1@gmail.com,Rajan@123,7970876589,4,photo-1707393358522.jpg,0
65c4c903bc57ab41b3f334ea,305,Rajan Kumar,"Bettiah,Bihar",rajanranjan123@gmail.com,Rajan@123,7970876581,50,photo-1707395331526.png,0
65c4cb0ac4bbbf4006bcb230,306,Rajan Kumar,"Bettiah,Bihar",rajanranjan13@gmail.com,Rajan@123,7970876581,50,photo-1707395850911.png,0
